"No.","Residence Hall","Room","Occupancy","Time"
,,,,
"(Beginning of Semester Level 9 Groups)",,,,
,,,,
1,"Minden",807,1,3/20/2006 6:03
2,"East Andrews",204,1,3/20/2006 6:05
3,"Minden",409,1,3/20/2006 6:05
4,"East Andrews",360,1,3/20/2006 6:05
5,"Slater Hall",205,1,3/20/2006 6:05
6,"Minden",609,1,3/20/2006 6:06
,,,,
"(Beginning of Semester Level 8 Groups)",,,,
,,,,
7,"Minden",405,1,3/20/2006 6:06
8,"No Show",,,3/20/2006 6:06
9,"Minden",605,1,3/20/2006 6:06
10,"Slater Hall",206,1,3/20/2006 6:07
11,"East Andrews",406,1,3/20/2006 6:08
12,"Hegeman","A202",1,3/20/2006 6:08
13,"Gregorian Quad A","409E",1,3/20/2006 6:08
14,"Gregorian Quad A",411,3,3/20/2006 6:09
15,"Slater Hall",305,1,3/20/2006 6:09
16,"Slater Hall",307,1,3/20/2006 6:09
17,"No Show",,,3/20/2006 6:09
18,"Gregorian Quad A","409A",1,3/20/2006 6:10
19,"Miller",114,1,3/20/2006 6:10
,,,,
"(Beginning of Semester Level 7 Groups)",,,,
,,,,
20,"West Andrews",317,1,3/20/2006 6:10
21,"West Andrews",217,1,3/20/2006 6:11
22,"Metcalf",401,1,3/20/2006 6:11
23,"East Andrews",306,1,3/20/2006 6:11
24,"Hegeman","A102",1,3/20/2006 6:11
25,"No Show",,,3/20/2006 6:12
26,"East Andrews",220,1,3/20/2006 6:12
27,"Metcalf",114,1,3/20/2006 6:12
28,"Gregorian Quad A","410D",1,3/20/2006 6:13
29,"Miller",118,1,3/20/2006 6:13
30,"East Andrews",408,1,3/20/2006 6:13
30,"East Andrews",458,1,3/20/2006 6:13
30,"East Andrews",460,1,3/20/2006 6:13
31,"Barbour Hall Apartments",230,3,3/20/2006 6:14
32,"Gregorian Quad B","405C",1,3/20/2006 6:14
33,"Hope College",108,1,3/20/2006 6:14
34,"Slater Hall",106,1,3/20/2006 6:15
35,"Gregorian Quad A","408B",1,3/20/2006 6:15
36,"East Andrews",308,1,3/20/2006 6:15
37,"East Andrews",420,1,3/20/2006 6:16
37,"Morriss Hall",120,2,3/20/2006 6:16
38,"West Andrews",405,1,3/20/2006 6:17
39,"Gregorian Quad A","410E",1,3/20/2006 6:17
40,"Gregorian Quad A","410F",1,3/20/2006 6:17
41,"Metcalf",324,1,3/20/2006 6:18
42,"East Andrews",222,1,3/20/2006 6:18
43,"Barbour Hall Apartments",340,4,3/20/2006 6:19
44,"Young Orchard #2",440,4,3/20/2006 6:19
45,"Gregorian Quad A","410A",1,3/20/2006 6:19
46,"Gregorian Quad B","405A",2,3/20/2006 6:20
47,"East Andrews",260,1,3/20/2006 6:21
48,"Young Orchard #2",420,4,3/20/2006 6:21
49,"Gregorian Quad B",207,5,3/20/2006 6:22
50,"Gregorian Quad A","409D",1,3/20/2006 6:22
51,"Young Orchard #10",240,4,3/20/2006 6:22
52,"Young Orchard #2",230,4,3/20/2006 6:22
53,"New Pembroke #4",403,1,3/20/2006 6:23
54,"Young Orchard #10",220,4,3/20/2006 6:23
55,"Wayland House",323,1,3/20/2006 6:23
56,"Gregorian Quad A","409F",1,3/20/2006 6:24
57,"Young Orchard #4",110,4,3/20/2006 6:24
58,"Gregorian Quad A","408E",1,3/20/2006 6:24
59,"Hope College",308,1,3/20/2006 6:25
60,"Young Orchard #2",210,4,3/20/2006 6:25
61,"Metcalf",212,1,3/20/2006 6:25
61,"Metcalf",214,1,3/20/2006 6:25
62,"Gregorian Quad B","405B",1,3/20/2006 6:26
62,"Gregorian Quad B","405F",1,3/20/2006 6:26
63,"No Show",,,3/20/2006 6:27
64,"Young Orchard #4",230,4,3/20/2006 6:27
65,"Young Orchard #2",240,4,3/20/2006 6:27
66,"Metcalf",116,1,3/20/2006 6:28
67,"Gregorian Quad A","409C",1,3/20/2006 6:28
68,"Barbour Hall Apartments",240,4,3/20/2006 6:29
69,"Young Orchard #10",210,4,3/20/2006 6:29
70,"Young Orchard #2",310,4,3/20/2006 6:29
71,"Minden",301,3,3/20/2006 6:30
72,"Grad Center A",320,4,3/20/2006 6:30
73,"Gregorian Quad A",306,4,3/20/2006 6:30
74,"Gregorian Quad A",202,4,3/20/2006 6:31
75,"Gregorian Quad A",309,4,3/20/2006 6:31
76,"Barbour Hall Apartments",140,4,3/20/2006 6:31
77,"West Andrews",457,1,3/20/2006 6:32
77,"West Andrews",459,1,3/20/2006 6:32
77,"West Andrews",403,1,3/20/2006 6:32
78,"Metcalf",220,1,3/20/2006 6:32
79,"Young Orchard #2",340,4,3/20/2006 6:33
80,"Metcalf",200,1,3/20/2006 6:33
80,"Metcalf",202,1,3/20/2006 6:33
81,"Gregorian Quad B",104,4,3/20/2006 6:33
82,"Hope College",206,1,3/20/2006 6:34
83,"West Andrews",319,1,3/20/2006 6:34
84,"Gregorian Quad B","405D",1,3/20/2006 6:35
84,"Gregorian Quad B","405E",1,3/20/2006 6:35
85,"Gregorian Quad B",206,4,3/20/2006 6:35
86,"Gregorian Quad A","410B",1,3/20/2006 6:36
86,"Gregorian Quad A","410C",1,3/20/2006 6:36
87,"Gregorian Quad A","409B",1,3/20/2006 6:36
88,"Minden",715,3,3/20/2006 6:36
89,"Gregorian Quad A",307,5,3/20/2006 6:37
89,"Gregorian Quad A",308,5,3/20/2006 6:37
89,"Wayland House",304,1,3/20/2006 6:37
90,"Young Orchard #2",410,4,3/20/2006 6:38
90,"Young Orchard #2",430,4,3/20/2006 6:38
90,"Young Orchard #2",330,4,3/20/2006 6:38
91,"Hegeman","E214",2,3/20/2006 6:38
92,"Wayland House",320,1,3/20/2006 6:38
93,"No Show",,,3/20/2006 6:39
94,"Young Orchard #2",320,4,3/20/2006 6:39
95,"East Andrews",258,1,3/20/2006 6:42
96,"Wayland House",326,1,3/20/2006 6:42
97,"Gregorian Quad A","408C",1,3/20/2006 6:42
98,"Gregorian Quad A",313,4,3/20/2006 6:42
99,"Metcalf",121,1,3/20/2006 6:42
100,"Young Orchard #4",240,4,3/20/2006 6:42
101,"Metcalf",201,1,3/20/2006 6:43
101,"Metcalf",203,1,3/20/2006 6:43
102,"Hegeman","E116",3,3/20/2006 6:44
103,"East Andrews",206,1,3/20/2006 6:44
104,"Gregorian Quad A",405,3,3/20/2006 6:44
105,"East Andrews",422,1,3/20/2006 6:45
106,"Young Orchard #4",420,4,3/20/2006 6:45
107,"West Andrews",307,1,3/20/2006 6:45
108,"East Andrews",310,1,3/20/2006 6:46
108,"East Andrews",320,1,3/20/2006 6:46
108,"East Andrews",322,1,3/20/2006 6:46
109,"Gregorian Quad B",306,4,3/20/2006 6:46
110,"Grad Center B",330,4,3/20/2006 6:46
111,"Sears House",221,1,3/20/2006 6:46
112,"Young Orchard #4",410,4,3/20/2006 6:47
113,"Young Orchard #4",210,4,3/20/2006 6:47
114,"Plantations House",206,1,3/20/2006 6:47
115,"Metcalf",204,1,3/20/2006 6:47
116,"Gregorian Quad A",210,5,3/20/2006 6:48
117,"Metcalf",300,1,3/20/2006 6:48
118,"Young Orchard #4",330,4,3/20/2006 6:48
119,"East Andrews",304,1,3/20/2006 6:48
120,"Young Orchard #4",310,4,3/20/2006 6:49
121,"East Andrews",358,1,3/20/2006 6:49
121,"East Andrews",362,1,3/20/2006 6:49
122,"Minden",814,2,3/20/2006 6:50
123,"Metcalf",125,1,3/20/2006 6:50
123,"Metcalf",123,1,3/20/2006 6:50
124,"West Andrews",219,1,3/20/2006 6:50
125,"Gregorian Quad A",201,4,3/20/2006 6:51
126,"Gregorian Quad A",311,4,3/20/2006 6:51
127,"Gregorian Quad A",206,4,3/20/2006 6:51
128,"Gregorian Quad A",205,3,3/20/2006 6:52
129,"Young Orchard #4",430,4,3/20/2006 6:52
130,"Gregorian Quad B",208,4,3/20/2006 6:52
131,"Wayland House",332,1,3/20/2006 6:53
132,"Drop to 255",,,3/20/2006 6:53
133,"Young Orchard #10",230,4,3/20/2006 6:53
134,"Hope College",116,1,3/20/2006 6:54
135,"Young Orchard #4",320,4,3/20/2006 6:54
136,"Gregorian Quad A",301,4,3/20/2006 6:54
137,"Wayland House",230,1,3/20/2006 6:54
137,"Wayland House",232,1,3/20/2006 6:54
138,"Plantations House",101,1,3/20/2006 6:55
139,"West Andrews",255,1,3/20/2006 6:55
140,"Gregorian Quad A",203,4,3/20/2006 6:55
141,"Young Orchard #4",340,4,3/20/2006 6:56
142,"Hegeman","A101",3,3/20/2006 6:56
143,"Gregorian Quad A",401,4,3/20/2006 6:56
144,"Young Orchard #4",120,4,3/20/2006 6:57
145,"Gregorian Quad B",310,4,3/20/2006 6:58
146,"Wayland House",318,1,3/20/2006 6:58
146,"Wayland House",330,1,3/20/2006 6:58
147,"Gregorian Quad B",204,4,3/20/2006 6:58
148,"West Andrews",303,1,3/20/2006 6:58
149,"Drop to 284",,,3/20/2006 6:59
150,"West Andrews",417,1,3/20/2006 6:59
151,"Olney House",319,1,3/20/2006 6:59
152,"Miller",100,1,3/20/2006 7:00
153,"Young Orchard #10",320,4,3/20/2006 7:00
154,"Gregorian Quad B",308,4,3/20/2006 7:00
155,"Young Orchard #4",440,4,3/20/2006 7:01
156,"Young Orchard #10",330,4,3/20/2006 7:01
157,"No Show",,,3/20/2006 7:01
158,"Metcalf",304,1,3/20/2006 7:01
158,"Metcalf",306,1,3/20/2006 7:02
159,"No Show",,,3/20/2006 7:02
160,"West Andrews",401,1,3/20/2006 7:02
161,"West Andrews",301,1,3/20/2006 7:03
161,"West Andrews",305,1,3/20/2006 7:03
161,"West Andrews",353,1,3/20/2006 7:03
161,"West Andrews",355,1,3/20/2006 7:03
161,"West Andrews",357,1,3/20/2006 7:03
161,"West Andrews",359,1,3/20/2006 7:03
162,"West Andrews",419,1,3/20/2006 7:03
163,"Gregorian Quad A",211,4,3/20/2006 7:04
164,"Plantations House",303,1,3/20/2006 7:04
165,"Gregorian Quad B",303,4,3/20/2006 7:05
166,"No Show",,,3/20/2006 7:05
167,"Miller",102,1,3/20/2006 7:05
167,"Miller",108,1,3/20/2006 7:05
167,"Miller",110,1,3/20/2006 7:05
167,"East Andrews",356,1,3/20/2006 7:06
168,"Plantations House",304,1,3/20/2006 7:06
169,"West Andrews",205,1,3/20/2006 7:06
170,"Hope College",214,1,3/20/2006 7:07
171,"West Andrews",257,1,3/20/2006 7:07
172,"Metcalf",311,1,3/20/2006 7:07
172,"Metcalf",315,1,3/20/2006 7:07
172,"Metcalf",317,1,3/20/2006 7:07
173,"Gregorian Quad A",409,2,3/20/2006 7:08
174,"Drop to 212",,,3/20/2006 7:08
175,"Marcy House",213,1,3/20/2006 7:08
176,"Hope College",408,1,3/20/2006 7:09
177,"No Show",,,3/20/2006 7:09
178,"Gregorian Quad A",406,4,3/20/2006 7:09
179,"Metcalf",416,1,3/20/2006 7:09
180,"Gregorian Quad A",314,4,3/20/2006 7:10
181,"West Andrews",407,1,3/20/2006 7:10
182,"Metcalf",301,1,3/20/2006 7:10
183,"Metcalf",222,1,3/20/2006 7:11
184,"Wayland House",327,1,3/20/2006 7:11
,,,,
"(Beginning of Semester Level 6 Groups)",,,,
,,,,
185,"Wayland House",213,1,3/20/2006 7:11
186,"East Andrews",404,1,3/20/2006 7:12
186,"East Andrews",456,1,3/20/2006 7:12
186,"East Andrews",262,1,3/20/2006 7:12
187,"Metcalf",110,1,3/20/2006 7:12
188,"No Show",,,3/20/2006 7:13
189,"Slater Hall",403,2,3/20/2006 7:13
190,"Young Orchard #10",340,4,3/20/2006 7:13
191,"Gregorian Quad A",303,4,3/20/2006 7:13
192,"West Andrews",259,1,3/20/2006 7:14
193,"No Show",,,3/20/2006 7:15
194,"New Pembroke #4",301,1,3/20/2006 7:15
195,"Wayland House",218,1,3/20/2006 7:16
196,"Metcalf",316,1,3/20/2006 7:16
,,,,
"(Beginning of Semester Level 5 Groups)",,,,
,,,,
197,"No Show",,,3/20/2006 7:16
198,"Metcalf",112,1,3/20/2006 7:16
199,"Olney House",321,1,3/20/2006 7:17
200,"Metcalf",411,1,3/20/2006 7:17
200,"Metcalf",402,1,3/20/2006 7:17
200,"Metcalf",410,1,3/20/2006 7:17
200,"Metcalf",407,1,3/20/2006 7:17
201,"Gregorian Quad A",304,4,3/20/2006 7:17
202,"No Show",,,3/20/2006 7:18
203,"Metcalf",308,1,3/20/2006 7:18
204,"No Show",,,3/20/2006 7:18
205,"Young Orchard #10",310,4,3/20/2006 7:18
206,"Olney House",222,1,3/20/2006 7:19
207,"Wayland House",322,1,3/20/2006 7:20
208,"Metcalf",310,1,3/20/2006 7:20
209,"Grad Center C",110,4,3/20/2006 7:20
210,"No Show",,,3/20/2006 7:21
211,"Hope College",314,1,3/20/2006 7:21
212,"Hegeman","C209",3,3/20/2006 7:21
213,"Goddard House",321,1,3/20/2006 7:21
214,"No Show",,,3/20/2006 7:22
215,"Wayland House",313,1,3/20/2006 7:22
215,"Wayland House",337,1,3/20/2006 7:22
215,"Wayland House",346,1,3/20/2006 7:22
216,"Metcalf",322,1,3/20/2006 7:22
216,"Metcalf",323,1,3/20/2006 7:22
216,"Metcalf",325,1,3/20/2006 7:22
217,"Marcy House",303,1,3/20/2006 7:22
218,"Hope College",414,1,3/20/2006 7:23
219,"Gregorian Quad B",203,4,3/20/2006 7:23
220,"Archibald House",307,1,3/20/2006 7:24
221,"Poland House",332,1,3/20/2006 7:24
221,"Poland House",319,1,3/20/2006 7:24
221,"Metcalf",215,1,3/20/2006 7:24
222,"Hope College",406,1,3/20/2006 7:24
223,"No Show",,,3/20/2006 7:25
224,"Hope College",316,1,3/20/2006 7:25
225,"Young Orchard #10",120,4,3/20/2006 7:25
226,"No Show",,,3/20/2006 7:26
227,"Metcalf",309,1,3/20/2006 7:26
228,"Metcalf",211,1,3/20/2006 7:26
229,"Minden",812,2,3/20/2006 7:27
230,"Gregorian Quad B",304,4,3/20/2006 7:27
231,"Metcalf",225,1,3/20/2006 7:27
232,"Poland House",210,1,3/20/2006 7:27
233,"Young Orchard #10",110,4,3/20/2006 7:28
234,"Gregorian Quad A",207,5,3/20/2006 7:28
234,"Wayland House",237,1,3/20/2006 7:28
235,"Minden",407,2,3/20/2006 7:29
236,"New Pembroke #4",227,1,3/20/2006 7:29
237,"Gregorian Quad B",102,4,3/20/2006 7:29
238,"Hegeman","C307",3,3/20/2006 7:30
238,"Hegeman","C308",3,3/20/2006 7:30
239,"Minden",207,2,3/20/2006 7:30
240,"No Show",,,3/20/2006 7:30
241,"Archibald House",306,1,3/20/2006 7:31
242,"Marcy House",215,1,3/20/2006 7:31
243,"Minden",801,3,3/20/2006 7:31
244,"Mead House",223,1,3/20/2006 7:32
245,"Metcalf",404,1,3/20/2006 7:32
246,"Metcalf",111,1,3/20/2006 7:33
247,"Gregorian Quad B",105,4,3/20/2006 7:33
247,"Gregorian Quad B",106,4,3/20/2006 7:33
248,"Young Orchard #10",410,4,3/20/2006 7:34
249,"Sears House",311,1,3/20/2006 7:34
250,"Olney House",324,1,3/20/2006 7:34
251,"Goddard House",116,1,3/20/2006 7:34
252,"Young Orchard #10",430,4,3/20/2006 7:35
253,"Wayland House","400A",7,3/20/2006 7:35
254,"Gregorian Quad B",210,4,3/20/2006 7:35
255,"Gregorian Quad A",212,4,3/20/2006 7:35
256,"Metcalf",313,1,3/20/2006 7:35
257,"Gregorian Quad B",301,4,3/20/2006 7:36
258,"Young Orchard #10",420,4,3/20/2006 7:36
258,"Sears House",222,1,3/20/2006 7:36
259,"Miller",115,1,3/20/2006 7:37
260,"Metcalf",104,1,3/20/2006 7:37
261,"Gregorian Quad B",307,5,3/20/2006 7:37
262,"Metcalf",302,1,3/20/2006 7:38
263,"Gregorian Quad B",107,5,3/20/2006 7:38
264,"Young Orchard #10",440,4,3/20/2006 7:38
265,"Gregorian Quad A",208,5,3/20/2006 7:39
266,"Sears House",220,1,3/20/2006 7:39
267,"Sears House",309,1,3/20/2006 7:39
267,"Sears House",310,1,3/20/2006 7:39
268,"Gregorian Quad A",214,4,3/20/2006 7:40
268,"Gregorian Quad A",209,4,3/20/2006 7:40
269,"Miller",117,1,3/20/2006 7:41
269,"Miller",119,1,3/20/2006 7:41
270,"Minden",707,2,3/20/2006 7:41
271,"Metcalf",412,1,3/20/2006 7:42
272,"Metcalf",209,1,3/20/2006 7:43
273,"Metcalf",208,1,3/20/2006 7:43
273,"Metcalf",210,1,3/20/2006 7:43
274,"Mead House",231,1,3/20/2006 7:43
275,"Hegeman","E113",3,3/20/2006 7:44
276,"Minden",212,3,3/20/2006 7:44
277,"Hegeman","A201",3,3/20/2006 7:44
278,"Metcalf",206,1,3/20/2006 7:44
279,"Gregorian Quad A",402,4,3/20/2006 7:45
279,"Gregorian Quad A",404,4,3/20/2006 7:45
280,"Metcalf",109,1,3/20/2006 7:45
281,"Gregorian Quad B",305,4,3/20/2006 7:45
282,"Drop to 288",,,3/20/2006 7:46
283,"Hegeman","D309",3,3/20/2006 7:46
284,"Gregorian Quad A",403,4,3/20/2006 7:46
285,"Slater Hall",401,3,3/20/2006 7:46
285,"Slater Hall",402,2,3/20/2006 7:46
285,"Goddard House",338,1,3/20/2006 7:46
286,"Metcalf",218,1,3/20/2006 7:48
287,"Sears House","400A",7,3/20/2006 7:48
288,"Gregorian Quad A",302,4,3/20/2006 7:48
288,"Gregorian Quad A",312,4,3/20/2006 7:48
289,"Grad Center A",640,6,3/20/2006 7:49
289,"Metcalf",413,1,3/20/2006 7:49
289,"Metcalf",418,1,3/20/2006 7:49
289,"Metcalf",419,1,3/20/2006 7:49
290,"Goddard House",221,1,3/20/2006 7:50
291,"Gregorian Quad B",302,4,3/20/2006 7:50
292,"Sears House",312,1,3/20/2006 7:51
293,"Archibald House",305,1,3/20/2006 7:52
293,"Gregorian Quad A",407,4,3/20/2006 7:52
294,"Metcalf",217,1,3/20/2006 7:52
295,"New Pembroke #4",401,1,3/20/2006 7:52
296,"Hegeman","E213",3,3/20/2006 7:53
297,"Grad Center C",540,5,3/20/2006 7:54
298,"Gregorian Quad B",202,4,3/20/2006 7:54
298,"Olney House",322,1,3/20/2006 7:54
299,"Sears House","306A",1,3/20/2006 7:55
299,"Sears House","226A",1,3/20/2006 7:56
299,"Sears House","226B",1,3/20/2006 7:56
300,"Hegeman","D403",3,3/20/2006 7:56
300,"Hegeman","D404",3,3/20/2006 7:56
301,"Hegeman","E212",2,3/20/2006 7:56
301,"Hegeman","B207",2,3/20/2006 7:57
301,"Hegeman","B306",3,3/20/2006 7:57
301,"Metcalf",414,1,3/20/2006 7:57
302,"Wayland House","400B",7,3/20/2006 7:57
302,"Olney House",223,1,3/20/2006 7:57
303,"Hegeman","B206",3,3/20/2006 7:58
304,"Gregorian Quad A",204,4,3/20/2006 7:58
305,"Miller",105,2,3/20/2006 7:59
306,"Gregorian Quad B",201,4,3/20/2006 7:59
307,"Hegeman","A203",3,3/20/2006 8:00
307,"Hegeman","A301",3,3/20/2006 8:00
307,"Hegeman","A303",3,3/20/2006 8:00
307,"Sears House","306B",1,3/20/2006 8:00
308,"Minden",802,3,3/20/2006 8:00
309,"Metcalf",216,1,3/20/2006 8:01
310,"Gregorian Quad B",110,4,3/20/2006 8:01
311,"Metcalf",318,1,3/20/2006 8:01
311,"Metcalf",314,1,3/20/2006 8:01
312,"Metcalf",409,1,3/20/2006 8:01
312,"Metcalf",408,1,3/20/2006 8:01
312,"Metcalf",406,1,3/20/2006 8:01
313,"Marcy House","306A",1,3/20/2006 8:02
314,"Grad Center A",510,5,3/20/2006 8:02
315,"Gregorian Quad B",108,4,3/20/2006 8:03
315,"Goddard House",340,1,3/20/2006 8:03
315,"Goddard House",345,1,3/20/2006 8:03
316,"Young Orchard #2",120,4,3/21/2006 6:01
317,"Metcalf",400,1,3/21/2006 6:02
317,"Gregorian Quad B",404,4,3/21/2006 6:02
318,"Hegeman","B204",3,3/21/2006 6:03
318,"Hegeman","B205",2,3/21/2006 6:03
318,"Marcy House","306B",1,3/21/2006 6:03
318,"Olney House",323,1,3/21/2006 6:03
319,"Minden",312,3,3/21/2006 6:03
320,"Hegeman","E112",3,3/21/2006 6:04
320,"Hegeman","E215",3,3/21/2006 6:04
321,"Grad Center C",610,6,3/21/2006 6:04
321,"Grad Center C",640,5,3/21/2006 6:04
322,"Barbour Hall Apartments",130,3,3/21/2006 6:04
323,"Hegeman","D310",3,3/21/2006 6:05
324,"Minden",208,2,3/21/2006 6:05
325,"Barbour Hall Apartments",310,3,3/21/2006 6:05
325,"Barbour Hall Apartments",330,3,3/21/2006 6:05
325,"Goddard House","344A",1,3/21/2006 6:06
326,"No Show",,,3/21/2006 6:06
327,"Mead House",203,1,3/21/2006 6:06
327,"Mead House",204,1,3/21/2006 6:06
328,"Hegeman","C208",3,3/21/2006 6:06
329,"Mead House",229,1,3/21/2006 6:07
330,"Minden",606,2,3/21/2006 6:07
330,"Minden",608,2,3/21/2006 6:07
331,"Minden",809,2,3/21/2006 6:08
331,"Minden",306,2,3/21/2006 6:08
332,"Morriss Hall",101,4,3/21/2006 6:08
333,"Chapin House",312,1,3/21/2006 6:09
334,"Grad Center C",430,5,3/21/2006 6:09
335,"No Show",,,3/21/2006 6:10
336,"Hegeman","D210",3,3/21/2006 6:10
336,"Hegeman","D211",3,3/21/2006 6:10
337,"Hegeman","B107",3,3/21/2006 6:10
338,"Drop to 340",,,3/21/2006 6:11
339,"Woolley",307,1,3/21/2006 6:11
340,"Hegeman","D110",3,3/21/2006 6:12
340,"Hegeman","D111",3,3/21/2006 6:13
340,"Woolley",219,1,3/21/2006 6:13
340,"Woolley",218,1,3/21/2006 6:13
340,"Woolley",216,1,3/21/2006 6:13
341,"Hegeman","C108",3,3/21/2006 6:13
341,"Chapin House",310,1,3/21/2006 6:13
342,"Emery",107,1,3/21/2006 6:14
342,"Emery",207,1,3/21/2006 6:14
343,"Hegeman","B305",2,3/21/2006 6:15
344,"Minden",513,3,3/21/2006 6:15
344,"Minden",506,2,3/21/2006 6:15
344,"Minden",508,2,3/21/2006 6:15
345,"Olney House",224,1,3/21/2006 6:16
345,"Goddard House",115,1,3/21/2006 6:16
345,"Hegeman","C109",3,3/21/2006 6:18
346,"Hegeman","B104",3,3/21/2006 6:19
346,"Hegeman","B105",2,3/21/2006 6:19
346,"Hegeman","A103",3,3/21/2006 6:19
347,"Goddard House",312,1,3/21/2006 6:19
347,"Goddard House",313,1,3/21/2006 6:19
347,"Goddard House",314,1,3/21/2006 6:19
347,"Goddard House",315,1,3/21/2006 6:19
348,"Minden",512,3,3/21/2006 6:20
349,"Hegeman","C401",3,3/21/2006 6:20
350,"Hegeman","B304",3,3/21/2006 6:21
350,"Goddard House",310,1,3/21/2006 6:21
351,"Barbour Hall Apartments",110,3,3/21/2006 6:22
351,"Woolley",106,1,3/21/2006 6:22
351,"Woolley",206,1,3/21/2006 6:22
352,"Barbour Hall Apartments",80,4,3/21/2006 6:22
353,"Minden",201,3,3/21/2006 6:23
354,"Goddard House","344B",1,3/21/2006 6:23
354,"Goddard House",316,1,3/21/2006 6:23
354,"Goddard House",317,1,3/21/2006 6:23
354,"Goddard House",318,1,3/21/2006 6:23
354,"Goddard House",319,1,3/21/2006 6:23
355,"Grad Center A",540,6,3/21/2006 6:23
356,"No Show",,,3/21/2006 6:25
357,"Sears House","114B",1,3/21/2006 6:25
358,"Barbour Hall Apartments",370,4,3/21/2006 6:25
359,"Drop to 365",,,3/21/2006 6:26
360,"Goddard House",303,1,3/21/2006 6:26
361,"Grad Center C",510,6,3/21/2006 6:26
361,"Poland House",323,1,3/21/2006 6:27
361,"Poland House",325,1,3/21/2006 6:27
361,"Poland House",327,1,3/21/2006 6:27
362,"Barbour Hall Apartments",260,5,3/21/2006 6:27
362,"Goddard House",117,1,3/21/2006 6:27
363,"Minden",507,3,3/21/2006 6:28
363,"Minden",406,2,3/21/2006 6:28
364,"Harkness House","400A",7,3/21/2006 6:28
365,"Grad Center C",520,5,3/21/2006 6:28
365,"Grad Center C",530,5,3/21/2006 6:28
366,"Hegeman","C402",3,3/21/2006 6:29
366,"Jameson House",319,1,3/21/2006 6:29
367,"Morriss Hall",401,6,3/21/2006 6:29
368,"Mead House",216,1,3/21/2006 6:29
368,"Mead House",218,1,3/21/2006 6:29
368,"Mead House",225,1,3/21/2006 6:29
368,"Mead House",227,1,3/21/2006 6:30
369,"Poland House",201,1,3/21/2006 6:30
369,"Poland House",202,1,3/21/2006 6:30
369,"Poland House",203,1,3/21/2006 6:30
369,"Poland House",204,1,3/21/2006 6:30
370,"Drop to 383",,,3/21/2006 6:30
371,"Goddard House","306A",1,3/21/2006 6:31
371,"Grad Center C",620,5,3/21/2006 6:31
372,"Grad Center B",440,5,3/21/2006 6:31
373,"Barbour Hall Apartments",280,4,3/21/2006 6:32
374,"No Show",,,3/21/2006 6:32
375,"Woolley",406,1,3/21/2006 6:33
376,"Woolley",315,1,3/21/2006 6:36
376,"Woolley",316,1,3/21/2006 6:36
376,"Woolley",318,1,3/21/2006 6:36
376,"Woolley",319,1,3/21/2006 6:36
377,"Woolley",306,1,3/21/2006 6:36
377,"Woolley",323,1,3/21/2006 6:37
377,"Barbour Hall Apartments",50,3,3/21/2006 6:37
377,"Barbour Hall Apartments",60,6,3/21/2006 6:37
378,"Grad Center B",420,5,3/21/2006 6:38
379,"Grad Center A",610,5,3/21/2006 6:38
380,"Champlin",305,1,3/21/2006 6:38
380,"Champlin",306,1,3/21/2006 6:38
381,"Gregorian Quad B",405,2,3/21/2006 6:38
382,"Minden",706,2,3/21/2006 6:39
382,"Minden",708,2,3/21/2006 6:39
383,"Barbour Hall Apartments",360,5,3/21/2006 6:39
383,"Grad Center A",520,5,3/21/2006 6:40
383,"Emery",404,1,3/21/2006 6:40
384,"Drop to 389.5",,,3/21/2006 6:40
385,"Chapin House","400B",5,3/21/2006 6:41
386,"Drop to 445",,,3/21/2006 6:41
387,"Grad Center C",440,5,3/21/2006 6:41
387,"Poland House",334,1,3/21/2006 6:42
387,"Poland House",336,1,3/21/2006 6:42
387,"Goddard House","306B",1,3/21/2006 6:42
387,"Poland House",338,1,3/21/2006 6:42
388,"Grad Center B",610,6,3/21/2006 6:43
388,"Poland House",205,1,3/21/2006 6:43
389,"Minden",215,3,3/21/2006 6:43
389,"Minden",412,3,3/21/2006 6:44
389,"Jameson House",325,1,3/21/2006 6:44
389,"Poland House",321,1,3/21/2006 6:44
389,"Archibald House",304,1,3/21/2006 6:44
389,"Archibald House",302,1,3/21/2006 6:45
389,"Chapin House",309,1,3/21/2006 6:45
390,"Minden",308,2,3/21/2006 6:45
391,"Emery",204,1,3/21/2006 6:46
391,"Emery",220,1,3/21/2006 6:46
392,"Minden",401,3,3/21/2006 6:46
392,"Bronson House",306,1,3/21/2006 6:46
393,"Archibald House",301,1,3/21/2006 6:47
393,"Archibald House",303,1,3/21/2006 6:47
394,"Woolley",129,1,3/21/2006 6:47
395,"Minden",408,2,3/21/2006 6:47
396,"Gregorian Quad A",408,2,3/21/2006 6:48
397,"Barbour Hall Apartments",270,4,3/21/2006 6:48
398,"Poland House",324,1,3/21/2006 6:48
399,"Poland House",208,1,3/21/2006 6:48
400,"Minden",701,3,3/21/2006 6:49
400,"Minden",702,3,3/21/2006 6:49
400,"Chapin House",311,1,3/21/2006 6:49
401,"Grad Center B",630,6,3/21/2006 6:49
401,"Woolley",429,1,3/21/2006 6:50
402,"Slater Hall",404,3,3/21/2006 6:50
403,"Slater Hall",104,3,3/21/2006 6:50
403,"Slater Hall",302,2,3/21/2006 6:50
404,"Minden",712,3,3/21/2006 6:50
405,"Grad Center B",510,6,3/21/2006 6:51
405,"Mead House",304,1,3/21/2006 6:51
406,"Grad Center B",530,5,3/21/2006 6:51
406,"Archibald House",217,1,3/21/2006 6:51
406,"Minden",101,2,3/21/2006 6:51
407,"Everett House",316,1,3/21/2006 6:52
407,"Everett House",324,1,3/21/2006 6:52
408,"Grad Center B",540,5,3/21/2006 6:52
409,"Grad Center C",310,6,3/21/2006 6:52
410,"Drop to 413",,,3/21/2006 6:52
412,"Minden",601,3,3/21/2006 6:53
412,"Minden",806,2,3/21/2006 6:53
413,"Minden",206,2,3/21/2006 6:53
413,"Minden",815,3,3/21/2006 6:53
413,"Grad Center B",640,5,3/21/2006 6:54
413,"Archibald House",418,1,3/21/2006 6:54
414,"Woolley",407,1,3/21/2006 6:55
414,"Woolley",423,1,3/21/2006 6:55
414,"Bronson House",309,1,3/21/2006 6:55
415,"Bronson House",304,1,3/21/2006 6:55
416,"Gregorian Quad A",410,2,3/21/2006 6:55
417,"New Pembroke #3",203,1,3/21/2006 6:56
417,"New Pembroke #3",205,1,3/21/2006 6:56
418,"Grad Center A",440,6,3/21/2006 6:56
419,"Bronson House",206,1,3/21/2006 6:56
420,"Emery",320,1,3/21/2006 6:57
420,"Emery",420,1,3/21/2006 6:57
420,"Bronson House",313,1,3/21/2006 6:57
421,"Grad Center A",530,5,3/21/2006 6:57
422,"Jameson House",318,1,3/21/2006 6:58
423,"Archibald House",221,1,3/21/2006 6:58
424,"Emery",401,1,3/21/2006 6:58
424,"Emery",409,1,3/21/2006 6:58
424,"Emery",411,1,3/21/2006 6:58
424,"Emery",417,1,3/21/2006 6:59
425,"Bronson House",214,1,3/21/2006 6:59
426,"Woolley",207,1,3/21/2006 6:59
427,"Emery",304,1,3/21/2006 7:00
427,"Emery",301,1,3/21/2006 7:00
427,"Emery",309,1,3/21/2006 7:00
427,"Emery",311,1,3/21/2006 7:00
428,"Grad Center A",430,5,3/21/2006 7:00
429,"Emery",104,1,3/21/2006 7:01
429,"Emery",120,1,3/21/2006 7:01
429,"Emery",317,1,3/21/2006 7:01
430,"Emery",101,1,3/21/2006 7:01
430,"Emery",201,1,3/21/2006 7:01
431,"Archibald House",218,1,3/21/2006 7:02
431,"Archibald House",227,1,3/21/2006 7:02
431,"Emery",217,1,3/21/2006 7:02
432,"Woolley",223,1,3/21/2006 7:02
433,"Grad Center A",330,5,3/21/2006 7:04
433,"Archibald House",127,1,3/21/2006 7:04
433,"Archibald House",131,1,3/21/2006 7:04
434,"Bronson House",204,1,3/21/2006 7:04
434,"Minden",402,3,3/21/2006 7:04
435,"Woolley",113,1,3/21/2006 7:05
435,"Woolley",115,1,3/21/2006 7:05
435,"Woolley",116,1,3/21/2006 7:05
435,"Woolley",119,1,3/21/2006 7:05
436,"Barbour Hall Apartments",290,4,3/21/2006 7:05
437,"Everett House",216,1,3/21/2006 7:06
438,"Woolley",418,1,3/21/2006 7:07
438,"Woolley",419,1,3/21/2006 7:07
439,"Woolley",107,1,3/21/2006 7:07
439,"Woolley",118,1,3/21/2006 7:07
439,"Woolley",123,1,3/21/2006 7:07
439,"Minden",315,3,3/21/2006 7:08
440,"Emery",117,1,3/21/2006 7:08
441,"Woolley",215,1,3/21/2006 7:09
442,"Minden",113,3,3/21/2006 7:09
443,"No Show",,,3/21/2006 7:09
444,"Drop to 446",,,3/21/2006 7:10
445,"Grad Center B",520,5,3/21/2006 7:10
446,"Grad Center B",320,5,3/21/2006 7:10
447,"No Show",,,3/21/2006 7:10
448,"Bronson House",403,1,3/21/2006 7:11
449,"No Show",,,3/21/2006 7:11
450,"New Pembroke #4",320,1,3/21/2006 7:11
451,"Woolley",229,1,3/21/2006 7:12
452,"No Show",,,3/21/2006 7:12
453,"Grad Center A",420,6,3/21/2006 7:12
454,"New Pembroke #2",203,1,3/21/2006 7:13
454,"New Pembroke #2",205,1,3/21/2006 7:13
455,"Woolley",329,1,3/21/2006 7:13
456,"Woolley",415,1,3/21/2006 7:13
457,"Champlin",323,2,3/21/2006 7:13
458,"Champlin",206,1,3/21/2006 7:13
459,"Champlin",406,1,3/21/2006 7:14
460,"Bronson House",409,1,3/21/2006 7:14
461,"Chapin House",217,2,3/21/2006 7:14
462,"New Pembroke #2",104,1,3/21/2006 7:15
463,"Morriss Hall",301,6,3/21/2006 7:16
463,"New Pembroke #3",212,1,3/21/2006 7:16
464,"No Show",,,3/21/2006 7:16
465,"No Show",,,3/21/2006 7:16
466,"Jameson House",219,1,3/21/2006 7:17
,,,,
"(Beginning of Semester Level 4 Groups)",,,,
,,,,
467,"Diman House",332,1,3/21/2006 7:17
468,"Diman House",224,1,3/21/2006 7:17
469,"Hope College",120,2,3/21/2006 7:18
470,"No Show",,,3/21/2006 7:18
471,"No Show",,,3/21/2006 7:18
472,"Harkness House",210,1,3/21/2006 7:19
473,"New Pembroke #2",201,1,3/21/2006 7:19
474,"New Pembroke #2",202,1,3/21/2006 7:19
475,"Grad Center B",340,5,3/21/2006 7:19
476,"Diman House","329A",1,3/21/2006 7:20
476,"Diman House","329B",1,3/21/2006 7:20
476,"Jameson House",225,1,3/21/2006 7:20
477,"Grad Center A",310,5,3/21/2006 7:20
,,,,
"(Beginning of Semester Level 3 Groups)",,,,
,,,,
478,"Diman House",312,1,3/21/2006 7:21
479,"Harkness House",209,1,3/21/2006 7:22
480,"Drop to 526",,,3/21/2006 7:22
481,"Diman House","206B",1,3/21/2006 7:22
482,"Grad Center C",210,6,3/21/2006 7:25
483,"Harkness House","206A",1,3/21/2006 7:25
484,"Caswell Hall",411,2,3/21/2006 7:25
485,"Caswell Hall",407,2,3/21/2006 7:25
486,"Grad Center C",330,5,3/21/2006 7:25
487,"Harkness House","206B",1,3/21/2006 7:26
488,"No Show",,,3/21/2006 7:26
489,"Drop to 490",,,3/21/2006 7:26
490,"Grad Center C",420,5,3/21/2006 7:27
491,"New Pembroke #1",304,1,3/21/2006 7:27
492,"Archibald House",422,1,3/21/2006 7:27
493,"Slater Hall",203,2,3/21/2006 7:28
494,"Caswell Hall",210,2,3/21/2006 7:28
495,"Caswell Hall",410,2,3/21/2006 7:28
496,"Slater Hall",303,2,3/21/2006 7:28
497,"New Pembroke #1",205,1,3/21/2006 7:29
498,"New Pembroke #1",305,1,3/21/2006 7:29
498,"New Pembroke #1",405,1,3/21/2006 7:29
498,"New Pembroke #1",407,1,3/21/2006 7:29
499,"Minden",501,3,3/21/2006 7:29
500,"Caswell Hall",111,2,3/21/2006 7:30
500,"Caswell Hall",302,2,3/21/2006 7:30
501,"Miller",122,2,3/21/2006 7:30
502,"Slater Hall",405,2,3/21/2006 7:31
503,"Caswell Hall",401,2,3/21/2006 7:31
504,"Caswell Hall",408,2,3/21/2006 7:31
505,"Grad Center D",420,5,3/21/2006 7:31
506,"Poland House",424,1,3/21/2006 7:32
507,"Goddard House","400A",6,3/21/2006 7:32
508,"Caswell Hall",306,2,3/21/2006 7:32
508,"Minden",415,3,3/21/2006 7:32
509,"Minden",615,3,3/21/2006 7:33
510,"Caswell Hall",311,2,3/21/2006 7:33
511,"Minden",612,3,3/21/2006 7:34
511,"Grad Center D",140,4,3/21/2006 7:34
511,"Jameson House",214,1,3/21/2006 7:34
511,"Everett House",107,1,3/21/2006 7:34
512,"Grad Center D",440,6,3/21/2006 7:34
513,"Caswell Hall",402,2,3/21/2006 7:34
513,"Caswell Hall",403,2,3/21/2006 7:34
514,"Grad Center D",410,5,3/21/2006 7:35
514,"Caswell Hall",406,2,3/21/2006 7:35
514,"Minden",202,3,3/21/2006 7:35
514,"New Pembroke #1",406,1,3/21/2006 7:35
514,"New Pembroke #1",302,1,3/21/2006 7:36
515,"Caswell Hall",412,2,3/21/2006 7:36
516,"Grad Center D",640,6,3/21/2006 7:36
517,"Caswell Hall",206,2,3/21/2006 7:37
517,"Caswell Hall",307,2,3/21/2006 7:37
518,"New Pembroke #1",306,1,3/21/2006 7:37
519,"Minden",302,3,3/21/2006 7:37
519,"Jameson House",114,1,3/21/2006 7:38
520,"Minden",502,3,3/21/2006 7:38
521,"Grad Center D",510,5,3/21/2006 7:38
522,"Caswell Hall",405,2,3/21/2006 7:38
522,"Caswell Hall",409,2,3/21/2006 7:38
523,"Caswell Hall",303,2,3/21/2006 7:39
524,"Jameson House",106,1,3/21/2006 7:39
524,"Jameson House",125,1,3/21/2006 7:39
525,"Diman House",208,2,3/21/2006 7:39
525,"New Pembroke #1",202,1,3/21/2006 7:40
526,"Grad Center D",430,5,3/21/2006 7:40
527,"Minden",602,3,3/21/2006 7:40
528,"Slater Hall",406,2,3/21/2006 7:41
528,"Jameson House",7,1,3/21/2006 7:41
528,"Mead House",103,1,3/21/2006 7:41
529,"Caswell Hall",305,2,3/21/2006 7:41
529,"Caswell Hall",308,2,3/21/2006 7:42
529,"Caswell Hall",205,2,3/21/2006 7:42
530,"Caswell Hall",110,2,3/21/2006 7:42
530,"Mead House",113,1,3/21/2006 7:42
531,"Grad Center D",610,5,3/21/2006 7:42
532,"Caswell Hall",304,2,3/21/2006 7:42
532,"Caswell Hall",301,2,3/21/2006 7:42
532,"Caswell Hall",404,2,3/21/2006 7:42
533,"New Pembroke #1",204,1,3/21/2006 7:43
533,"New Pembroke #1",206,1,3/21/2006 7:43
534,"Diman House",221,3,3/21/2006 7:43
534,"Diman House",217,2,3/21/2006 7:43
535,"Grad Center D",240,6,3/21/2006 7:44
535,"New Pembroke #1",315,2,3/21/2006 7:44
535,"New Pembroke #1",307,1,3/21/2006 7:44
536,"New Pembroke #1",402,1,3/21/2006 7:44
537,"Caswell Hall",309,2,3/21/2006 7:44
538,"Caswell Hall",201,2,3/21/2006 7:45
538,"Caswell Hall",204,2,3/21/2006 7:45
539,"Caswell Hall",209,2,3/21/2006 7:45
539,"Caswell Hall",212,2,3/21/2006 7:45
540,"Olney House","400A",8,3/21/2006 7:45
540,"New Pembroke #1",404,1,3/21/2006 7:45
541,"New Pembroke #3",317,1,3/21/2006 7:46
541,"Diman House",334,2,3/21/2006 7:46
541,"Diman House",333,2,3/21/2006 7:46
541,"Diman House",317,2,3/21/2006 7:46
542,"Grad Center D",330,5,3/21/2006 7:47
543,"Caswell Hall",312,2,3/21/2006 7:47
544,"Caswell Hall",208,2,3/21/2006 7:48
544,"Caswell Hall",101,2,3/21/2006 7:48
545,"Grad Center D",540,6,3/21/2006 7:48
546,"Grad Center D",630,5,3/21/2006 7:48
547,"Grad Center D",310,5,3/21/2006 7:49
548,"Harkness House",214,2,3/21/2006 7:49
549,"Barbour Hall Apartments",190,4,3/21/2006 7:49
550,"New Pembroke #3",105,1,3/21/2006 7:50
550,"New Pembroke #3",217,1,3/21/2006 7:50
550,"New Pembroke #3",218,1,3/21/2006 7:50
551,"Barbour Hall Apartments",350,5,3/22/2006 6:06
552,"Drop to 591",,,3/22/2006 6:06
553,"Barbour Hall Apartments",150,5,3/22/2006 6:06
554,"Marcy House","400B",6,3/22/2006 6:07
555,"New Pembroke #3",318,1,3/22/2006 6:07
556,"Plantations House",102,2,3/22/2006 6:08
556,"Plantations House",203,2,3/22/2006 6:08
556,"Plantations House",202,2,3/22/2006 6:08
558,"Barbour Hall Apartments",250,5,3/22/2006 6:08
559,"Grad Center D",530,4,3/22/2006 6:09
559,"Grad Center C",240,5,3/22/2006 6:09
559,"Caswell Hall",105,2,3/22/2006 6:09
560,"Grad Center D",520,6,3/22/2006 6:10
561,"Marcy House","400A",6,3/22/2006 6:10
562,"Caswell Hall",107,2,3/22/2006 6:10
562,"Caswell Hall",108,2,3/22/2006 6:10
562,"Caswell Hall",109,2,3/22/2006 6:11
564,"Caswell Hall",103,2,3/22/2006 6:11
564,"Caswell Hall",106,2,3/22/2006 6:11
564,"Diman House","400B",8,3/22/2006 6:12
565,"Plantations House",301,3,3/22/2006 6:12
565,"Plantations House",201,2,3/22/2006 6:12
566,"Chapin House","400A",8,3/22/2006 6:12
566,"Goddard House",308,2,3/22/2006 6:13
567,"Diman House","400A",8,3/22/2006 6:13
568,"Barbour Hall Apartments",390,4,3/22/2006 6:14
569,"Grad Center C",340,5,3/22/2006 6:14
570,"Caswell Hall",104,2,3/22/2006 6:15
570,"Caswell Hall",112,2,3/22/2006 6:15
571,"Grad Center C",320,5,3/22/2006 6:15
571,"Diman House",207,2,3/22/2006 6:16
572,"Slater Hall",301,4,3/22/2006 6:16
573,"Grad Center B",240,5,3/22/2006 6:16
573,"Harkness House",207,2,3/22/2006 6:16
574,"Morriss Hall",201,6,3/22/2006 6:17
575,"Harkness House",113,2,3/22/2006 6:17
575,"Harkness House",117,2,3/22/2006 6:17
575,"Harkness House",201,2,3/22/2006 6:18
575,"Harkness House",202,2,3/22/2006 6:18
575,"Harkness House",204,2,3/22/2006 6:18
576,"Harkness House",204,2,3/22/2006 6:18
577,"Drop to 577",,,3/22/2006 6:18
577,"Grad Center D",220,6,3/22/2006 6:18
577,"Grad Center D",230,5,3/22/2006 6:19
578,"Grad Center C",220,5,3/22/2006 6:19
579,"Drop to 591",,,3/22/2006 6:20
580,"Slater Hall",204,4,3/22/2006 6:20
581,"Harkness House",328,2,3/22/2006 6:20
581,"Harkness House",329,2,3/22/2006 6:20
581,"Harkness House",330,2,3/22/2006 6:20
582,"New Pembroke #4",209,1,3/22/2006 6:21
583,"Hope College",112,2,3/22/2006 6:21
583,"Mead House",109,1,3/22/2006 6:21
584,"111 Brown Street",201,2,3/22/2006 6:22
585,"Diman House",321,2,3/22/2006 6:22
585,"Diman House",327,2,3/22/2006 6:22
585,"Diman House",328,2,3/22/2006 6:22
586,"Grad Center B",230,5,3/22/2006 6:22
586,"Diman House",331,2,3/22/2006 6:23
587,"Sears House",301,2,3/22/2006 6:23
588,"New Pembroke #3",315,1,3/22/2006 6:23
588,"Sears House",214,2,3/22/2006 6:24
588,"Sears House",224,2,3/22/2006 6:24
589,"Grad Center D",320,6,3/22/2006 6:24
589,"New Pembroke #4",325,1,3/22/2006 6:24
590,"New Pembroke #2",103,1,3/22/2006 6:25
591,"Grad Center C",140,5,3/22/2006 6:26
591,"Harkness House",208,2,3/22/2006 6:26
592,"New Pembroke #4",427,1,3/22/2006 6:26
592,"New Pembroke #4",425,1,3/22/2006 6:26
592,"New Pembroke #4",327,1,3/22/2006 6:26
592,"New Pembroke #4",321,1,3/22/2006 6:27
592,"New Pembroke #4",323,1,3/22/2006 6:27
593,"Grad Center A",210,5,3/22/2006 6:27
593,"Grad Center D",120,4,3/22/2006 6:27
593,"New Pembroke #4",426,1,3/22/2006 6:28
594,"Barbour Hall Apartments",320,4,3/22/2006 6:28
595,"Barbour Hall Apartments",180,4,3/22/2006 6:29
595,"Barbour Hall Apartments",120,4,3/22/2006 6:29
595,"New Pembroke #4",219,1,3/22/2006 6:29
596,"Grad Center A",220,5,3/22/2006 6:30
597,"New Pembroke #4",217,1,3/22/2006 6:30
598,"Marcy House",225,3,3/22/2006 6:30
599,"Harkness House",213,2,3/22/2006 6:30
599,"Harkness House",217,2,3/22/2006 6:30
600,"Slater Hall",201,4,3/22/2006 6:31
600,"Hope College",119,2,3/22/2006 6:31
601,"Diman House",201,1,3/22/2006 6:31
601,"Diman House",202,2,3/22/2006 6:31
601,"Diman House",204,2,3/22/2006 6:31
602,"Marcy House",301,2,3/22/2006 6:31
602,"Marcy House",302,2,3/22/2006 6:31
602,"Marcy House",321,2,3/22/2006 6:31
602,"Marcy House",325,2,3/22/2006 6:32
602,"Marcy House",221,2,3/22/2006 6:32
603,"Grad Center A",340,6,3/22/2006 6:32
604,"Sears House",229,2,3/22/2006 6:32
605,"Diman House",121,2,3/22/2006 6:33
606,"Grad Center D",110,5,3/22/2006 6:33
607,"Grad Center D",340,6,3/22/2006 6:33
608,"Grad Center C",230,6,3/22/2006 6:33
609,"Sears House",313,2,3/22/2006 6:33
610,"Slater Hall",101,4,3/22/2006 6:34
611,"Marcy House",304,2,3/22/2006 6:34
611,"Grad Center B",110,5,3/22/2006 6:34
612,"Goddard House",342,2,3/22/2006 6:34
613,"New Pembroke #4",302,1,3/22/2006 6:35
614,"Grad Center B",310,6,3/22/2006 6:35
615,"Grad Center A",240,6,3/22/2006 6:36
615,"New Pembroke #4",313,1,3/22/2006 6:36
616,"Drop to 617",,,3/22/2006 6:37
617,"Slater Hall",304,4,3/22/2006 6:37
617,"Barbour Hall Apartments",380,4,3/22/2006 6:37
618,"Jameson House",307,3,3/22/2006 6:37
619,"Grad Center B",210,6,3/22/2006 6:38
620,"111 Brown Street",202,2,3/22/2006 6:38
620,"111 Brown Street",203,2,3/22/2006 6:38
620,"111 Brown Street",302,2,3/22/2006 6:38
621,"Grad Center B",140,5,3/22/2006 6:39
621,"New Pembroke #4",303,1,3/22/2006 6:39
622,"111 Brown Street",102,2,3/22/2006 6:41
622,"111 Brown Street",301,2,3/22/2006 6:41
622,"New Pembroke #4",326,1,3/22/2006 6:41
623,"Barbour Hall Apartments",170,4,3/22/2006 6:42
624,"Grad Center B",120,5,3/22/2006 6:42
625,"Sears House",304,2,3/22/2006 6:42
625,"Sears House",307,2,3/22/2006 6:42
625,"Sears House",308,2,3/22/2006 6:42
625,"Sears House",314,2,3/22/2006 6:42
625,"Sears House",317,2,3/22/2006 6:42
626,"New Pembroke #4",421,1,3/22/2006 6:43
627,"Chapin House",313,2,3/22/2006 6:43
627,"Chapin House",314,2,3/22/2006 6:43
627,"Chapin House",317,2,3/22/2006 6:43
628,"Marcy House",121,2,3/22/2006 6:43
628,"Marcy House",125,2,3/22/2006 6:43
628,"Diman House",117,2,3/22/2006 6:43
628,"Sears House",117,2,3/22/2006 6:44
629,"Sears House",228,2,3/22/2006 6:44
629,"Barbour Hall Apartments",220,4,3/22/2006 6:44
630,"New Pembroke #4",413,1,3/22/2006 6:45
630,"New Pembroke #4",423,1,3/22/2006 6:45
630,"Sears House",230,2,3/22/2006 6:45
631,"Hope College",107,2,3/22/2006 6:45
632,"Grad Center A",130,5,3/22/2006 6:45
633,"Goddard House",346,2,3/22/2006 6:46
633,"Goddard House",347,2,3/22/2006 6:46
633,"Goddard House",348,2,3/22/2006 6:46
634,"New Pembroke #4",402,1,3/22/2006 6:46
634,"New Pembroke #3",303,1,3/22/2006 6:46
635,"Barbour Hall Apartments",30,4,3/22/2006 6:46
635,"Diman House",215,3,3/22/2006 6:47
635,"Diman House",315,3,3/22/2006 6:47
636,"Chapin House",113,2,3/22/2006 6:47
636,"Chapin House",117,2,3/22/2006 6:47
637,"East Andrews",416,2,3/22/2006 6:48
637,"East Andrews",450,2,3/22/2006 6:48
637,"East Andrews",452,2,3/22/2006 6:48
638,"Diman House",115,3,3/22/2006 6:48
639,"Sears House",223,2,3/22/2006 6:49
640,"Grad Center A",140,5,3/22/2006 6:49
641,"Goddard House",301,2,3/22/2006 6:50
641,"Goddard House",302,2,3/22/2006 6:50
641,"Goddard House",304,2,3/22/2006 6:50
642,"Pass",,,3/22/2006 6:50
643,"Goddard House",223,2,3/22/2006 6:50
643,"Goddard House",227,2,3/22/2006 6:50
643,"Goddard House",323,2,3/22/2006 6:50
643,"Goddard House",327,2,3/22/2006 6:50
644,"Sears House",113,2,3/22/2006 6:51
644,"Sears House",217,2,3/22/2006 6:51
644,"Sears House",302,2,3/22/2006 6:51
645,"Marcy House",219,3,3/22/2006 6:51
645,"Marcy House",319,3,3/22/2006 6:51
646,"Miller",124,2,3/22/2006 6:52
646,"Metcalf",120,2,3/22/2006 6:52
647,"Mead House",211,3,3/22/2006 6:52
647,"Goddard House",127,2,3/22/2006 6:52
648,"No Show",,,3/22/2006 6:52
649,"Chapin House",213,2,3/22/2006 6:53
649,"Marcy House",119,3,3/22/2006 6:53
649,"Jameson House",117,3,3/22/2006 6:53
650,"Miller",121,3,3/22/2006 6:55
650,"New Pembroke #2",207,2,3/22/2006 6:55
651,"Pass",,,3/22/2006 6:55
652,"Pass",,,3/22/2006 6:55
653,"King House",103,2,3/22/2006 6:55
653,"King House",107,2,3/22/2006 6:56
654,"Poland House",216,3,3/22/2006 6:56
654,"Poland House",224,3,3/22/2006 6:56
655,"Pass",,,3/22/2006 6:56
656,"New Pembroke #2",102,2,3/22/2006 6:57
656,"New Pembroke #2",105,2,3/22/2006 6:57
657,"Everett House",407,3,3/22/2006 6:57
657,"New Pembroke #1",415,2,3/22/2006 6:57
658,"Archibald House",319,4,3/22/2006 6:57
659,"Drop to 700",,,3/22/2006 6:58
660,"No Show",,,3/22/2006 6:58
661,"New Pembroke #1",201,2,3/22/2006 6:59
661,"New Pembroke #1",301,2,3/22/2006 6:59
662,"Pass",,,3/22/2006 7:00
663,"Drop to 687",,,3/22/2006 7:00
664,"Pass",,,3/22/2006 7:00
665,"Pass",,,3/22/2006 7:01
666,"New Pembroke #2",206,2,3/22/2006 7:01
667,"Pass",,,3/22/2006 7:02
668,"Pass",,,3/22/2006 7:02
669,"Pass",,,3/22/2006 7:02
670,"East Andrews",214,3,3/22/2006 7:03
671,"Pass",,,3/22/2006 7:03
672,"Pass",,,3/22/2006 7:03
673,"Pass",,,3/22/2006 7:04
674,"Drop to 711",,,3/22/2006 7:04
675,"New Pembroke #1",401,2,3/22/2006 7:04
675,"New Pembroke #2",215,2,3/22/2006 7:04
676,"No Show",,,3/22/2006 7:04
677,"Pass",,,3/22/2006 7:05
678,"Pass",,,3/22/2006 7:05
679,"West Andrews",211,3,3/22/2006 7:06
679,"West Andrews",411,3,3/22/2006 7:06
680,"No Show",,,3/22/2006 7:06
681,"Pass",,,3/22/2006 7:06
682,"No Show",,,3/22/2006 7:07
683,"Pass",,,3/22/2006 7:07
684,"East Andrews",414,3,3/22/2006 7:07
685,"Pass",,,3/22/2006 7:07
686,"Pass",,,3/22/2006 7:07
687,"Pass",,,3/22/2006 7:07
688,"Pass",,,3/22/2006 7:07
689,"Pass",,,3/22/2006 7:08
690,"Pass",,,3/22/2006 7:08
691,"No Show",,,3/22/2006 7:08
692,"No Show",,,3/22/2006 7:08
693,"Pass",,,3/22/2006 7:08
694,"Pass",,,3/22/2006 7:08
695,"Pass",,,3/22/2006 7:08
696,"Pass",,,3/22/2006 7:08
697,"Pass",,,3/22/2006 7:08
698,"Pass",,,3/22/2006 7:08
699,"Pass",,,3/22/2006 7:08
700,"Pass",,,3/22/2006 7:09
701,"Pass",,,3/22/2006 7:09
702,"Pass",,,3/22/2006 7:10
703,"Pass",,,3/22/2006 7:10
704,"Pass",,,3/22/2006 7:10
705,"Pass",,,3/22/2006 7:10
706,"Pass",,,3/22/2006 7:10
707,"Pass",,,3/22/2006 7:10
708,"Pass",,,3/22/2006 7:10
709,"No Show",,,3/22/2006 7:10
710,"Pass",,,3/22/2006 7:10
711,"Pass",,,3/22/2006 7:10
712,"No Show",,,3/22/2006 7:10
713,"No Show",,,3/22/2006 7:10
714,"No Show",,,3/22/2006 7:10
715,"Pass",,,3/22/2006 7:10
716,"No Show",,,3/22/2006 7:11
717,"Pass",,,3/22/2006 7:11
718,"No Show",,,3/22/2006 7:11
719,"No Show",,,3/22/2006 7:11
720,"No Show",,,3/22/2006 7:11
721,"No Show",,,3/22/2006 7:11
722,"Pass",,,3/22/2006 7:11
723,"No Show",,,3/22/2006 7:11
724,"No Show",,,3/22/2006 7:11
725,"No Show",,,3/22/2006 7:12
726,"No Show",,,3/22/2006 7:12
727,"No Show",,,3/22/2006 7:12
728,"No Show",,,3/22/2006 7:12
729,"No Show",,,3/22/2006 7:12
730,"No Show",,,3/22/2006 7:12
731,"No Show",,,3/22/2006 7:12
732,"No Show",,,3/22/2006 7:13
733,"No Show",,,3/22/2006 7:13
734,"No Show",,,3/22/2006 7:13
735,"Pass",,,3/22/2006 7:13
736,"No Show",,,3/22/2006 7:13
737,"No Show",,,3/22/2006 7:13
738,"No Show",,,3/22/2006 7:13
739,"No Show",,,3/22/2006 7:14
740,"No Show",,,3/22/2006 7:14
741,"No Show",,,3/22/2006 7:14
742,"No Show",,,3/22/2006 7:14
743,"Pass",,,3/22/2006 7:14
744,"No Show",,,3/22/2006 7:14
745,"No Show",,,3/22/2006 7:14
746,"No Show",,,3/22/2006 7:14
747,"No Show",,,3/22/2006 7:14
748,"No Show",,,3/22/2006 7:14
749,"No Show",,,3/22/2006 7:15
750,"No Show",,,3/22/2006 7:15
751,"No Show",,,3/22/2006 7:15
752,"No Show",,,3/22/2006 7:15
753,"No Show",,,3/22/2006 7:15
754,"No Show",,,3/22/2006 7:15
755,"No Show",,,3/22/2006 7:15
756,"No Show",,,3/22/2006 7:16
757,"No Show",,,3/22/2006 7:16
758,"Pass",,,3/22/2006 7:16
759,"No Show",,,3/22/2006 7:16
760,"No Show",,,3/22/2006 7:16
761,"No Show",,,3/22/2006 7:16
762,"No Show",,,3/22/2006 7:16
763,"No Show",,,3/22/2006 7:16
764,"No Show",,,3/22/2006 7:16
765,"Pass",,,3/22/2006 7:16
766,"Pass",,,3/22/2006 7:16
767,"No Show",,,3/22/2006 7:17
768,"No Show",,,3/22/2006 7:17
769,"Pass",,,3/22/2006 7:17
770,"No Show",,,3/22/2006 7:17
771,"No Show",,,3/22/2006 7:17
772,"Pass",,,3/22/2006 7:17
773,"No Show",,,3/22/2006 7:17
774,"No Show",,,3/22/2006 7:17
775,"Pass",,,3/22/2006 7:17
776,"No Show",,,3/22/2006 7:17
777,"Pass",,,3/22/2006 7:17
778,"No Show",,,3/22/2006 7:18
779,"Pass",,,3/22/2006 7:18
780,"Pass",,,3/22/2006 7:18
781,"Pass",,,3/22/2006 7:18
782,"Pass",,,3/22/2006 7:18
783,"Pass",,,3/22/2006 7:18
784,"Pass",,,3/22/2006 7:18
785,"Pass",,,3/22/2006 7:18
786,"Pass",,,3/22/2006 7:18
787,"No Show",,,3/22/2006 7:18
788,"No Show",,,3/22/2006 7:18
789,"No Show",,,3/22/2006 7:18
